feature,rf_importance,lasso_importance
acousticness,0.23146645961386686,-3.4414886178475945
duration_ms,0.12943554750127173,0.0
speechiness,0.10867907591476088,-0.9204501591513861
loudness,0.09909859260094792,2.9660510175517243
danceability,0.09766189776781763,2.0732907287160094
valence,0.09259591647766419,-1.6909844564858267
liveness,0.0831011748436981,-1.657960849115534
energy,0.0813977772643522,-0.0
instrumentalness,0.07656355801562058,-0.5967542573789142
